Item,Frequency,Category
old,52,Single Word
now,32,Single Word
more,30,Dance-Related
come,26,Single Word
little,23,Single Word
made,23,Single Word
have,19,Single Word
away,19,Single Word
had,19,Single Word
own,17,Single Word
long,16,Single Word
never,15,Single Word
let,15,Single Word
still,15,Single Word
sad,15,Single Word
white,15,Single Word
full,14,Dance-Related
there,14,Single Word
young,13,Single Word
leaves,13,Single Word
dead,13,Single Word
sing,12,Dance-Related
wandering,12,Dance-Related
went,12,Single Word
beech leaves old,12,Dance-Related
die,12,Dance-Related
dim,11,Single Word
said,11,Single Word
ancient,11,Single Word
hear,11,Dance-Related
heard,11,Dance-Related
lonely,10,Dance-Related
round,10,Dance-Related
gone,10,Dance-Related
then,10,Single Word
deep,9,Single Word
proud,9,Single Word
came,9,Single Word
poor,9,Single Word
far,9,Single Word
come near,9,Short Phrase
seemed,9,Dance-Related
gray,9,Single Word
gay,9,Single Word
saw,9,Single Word
wild,9,Single Word
new,9,Single Word
yet,9,Single Word
died,9,Dance-Related
near,9,Single Word
once,9,Single Word
heavy,8,Dance-Related
gentle,8,Single Word
say,8,Single Word
great,8,Single Word
leave,8,Single Word
passed,8,Single Word
thought,7,Single Word
pale,7,Single Word
give,7,Single Word
weary,7,Single Word
see,7,Dance-Related
beloved,7,Single Word
no more,7,Dance-Related
bring,7,Single Word
make,7,Single Word
known,6,Single Word
all,6,Single Word
sang,6,Single Word
woven,6,Single Word
only,6,Single Word
pass,6,Single Word
alone,6,Dance-Related
strange,6,Single Word
dance,6,Dance-Related
lies,6,Single Word
goes,6,Dance-Related
lay,6,Single Word
loved,6,Single Word
love,6,Single Word
cold,6,Single Word
last,6,Single Word
bitter,6,Single Word
high,6,Dance-Related
beech leaves,6,Dance-Related
leaves old,6,Short Phrase
hush,6,Single Word
gave,6,Single Word
quiet,6,Single Word
knew,6,Single Word
apart,6,Single Word
human,6,Dance-Related
live,6,Single Word
moves,6,Dance-Related
found,6,Single Word
seek,5,Dance-Related
gather,5,Dance-Related
small,5,Single Word
many,5,Dance-Related
red,5,Single Word
grew,5,Single Word
low,5,Single Word
cried,5,Single Word
fair,5,Single Word
dreamed,5,Dance-Related
find,5,Single Word
bear,5,Single Word
ever,5,Single Word
cast,5,Single Word
stood,5,Single Word
lift,5,Single Word
even,5,Single Word
wander,5,Single Word
called,4,Single Word
little further on,4,Long Phrase
gently,4,Single Word
lake once more,4,Dance-Related
also,4,Single Word
most,4,Single Word
sudden,4,Single Word
shut,4,Single Word
sweet,4,Dance-Related
knows,4,Single Word
lead,4,Single Word
down,4,Single Word
turn,4,Dance-Related
loud,4,Dance-Related
human child,4,Dance-Related
more full,4,Dance-Related
softly,4,Single Word
well,4,Single Word
bid,4,Single Word
shy,4,Dance-Related
always,4,Single Word
hid,4,Single Word
stand,4,Dance-Related
rode,4,Single Word
drove,4,Single Word
slept,4,Single Word
so let,4,Short Phrase
old priest,4,Dance-Related
once more,4,Dance-Related
brought,4,Single Word
began,4,Single Word
white feet,4,Short Phrase
first,4,Single Word
mad,4,Single Word
surely,4,Single Word
paced,4,Single Word
again,4,Single Word
also sooth,4,Short Phrase
thine own heart,4,Dance-Related
slowly,4,Dance-Related
grow,4,Single Word
danced,4,Dance-Related
break,4,Single Word
flying,4,Single Word
wise,4,Single Word
light,4,Single Word
good,4,Dance-Related
here,4,Single Word
dancing,4,Dance-Related
laughed,4,Single Word
ancient ways,4,Short Phrase
understand,4,Dance-Related
know,4,Single Word
weak worm hiding,4,Long Phrase
eternal beauty wandering,4,Dance-Related
no more hear,4,Dance-Related
strange things said,4,Dance-Related
grown,4,Single Word
heavy mortal hopes,4,Dance-Related
poor foolish things,4,Dance-Related
mournful,4,Single Word
learn,4,Single Word
more hear common,4,Dance-Related
foolish,4,Single Word
hear common things,4,Dance-Related
crazy,3,Single Word
was,3,Single Word
named,3,Single Word
half,3,Single Word
bordered hem,3,Short Phrase
hung,3,Single Word
shone,3,Dance-Related
grows,3,Single Word
turned,3,Dance-Related
therefore,3,Single Word
build,3,Single Word
far away,3,Short Phrase
wet,3,Single Word
white stars,3,Short Phrase
run,3,Dance-Related
dropping,3,Single Word
told,3,Single Word
warring,3,Single Word
raised,3,Single Word
smooth,3,Single Word
growing,3,Single Word
bordered,3,Single Word
fill,3,Single Word
mused,3,Single Word
common,3,Single Word
comes,3,Single Word
starry,3,Single Word
leafy,3,Dance-Related
pebbly,3,Single Word
tossing,3,Dance-Related
slow,3,Dance-Related
speak,3,Single Word
move,3,Dance-Related
take,3,Single Word
fixed,3,Dance-Related
blow,3,Single Word
little childer,3,Short Phrase
own heart,3,Dance-Related
help,3,Single Word
changing,3,Single Word
keening,3,Single Word
other,3,Single Word
sick,3,Single Word
rocky,3,Single Word
eyed,3,Single Word
leaning,3,Single Word
mock,3,Single Word
blind,3,Single Word
flaming,3,Single Word
hidden,3,Single Word
singing,3,Dance-Related
tell,3,Single Word
keep,3,Single Word
dark,3,Single Word
murmuring,3,Single Word
beat,3,Dance-Related
holy,3,Single Word
cushioned,3,Dance-Related
passing,3,Dance-Related
white birds,3,Short Phrase
so fair,3,Short Phrase
spread,3,Single Word
fled,3,Single Word
lost,3,Single Word
falls,3,Single Word
seen,3,Dance-Related
yellow,3,Single Word
brown,3,Single Word
sleepy,3,Single Word
running,3,Dance-Related
lights,3,Single Word
fling,3,Single Word
come away,3,Short Phrase
sorrow named,3,Short Phrase
worn,3,Single Word
went mad,3,Short Phrase
come let,3,Short Phrase
weak,3,Single Word
bright,3,Dance-Related
pearly,3,Single Word
common things,3,Dance-Related
faint,3,Single Word
legged,3,Single Word
legged fly,3,Short Phrase
mind moves,3,Dance-Related
weave,3,Single Word
forget,3,Single Word
unquiet,3,Single Word
burning,3,Single Word
shook,3,Single Word
treads,3,Dance-Related
done,3,Dance-Related
ran,3,Single Word
green,3,Single Word
boughs,3,Single Word
cease,3,Single Word
holds,3,Dance-Related
monstrous,2,Single Word
lit,2,Single Word
else,2,Single Word
only lies apart,2,Long Phrase
moths came once,2,Long Phrase
wide,2,Single Word
came once more,2,Dance-Related
most lonely thing,2,Dance-Related
no more wise,2,Dance-Related
cataract still cries,2,Long Phrase
limb have beauty,2,Long Phrase
poor tired child,2,Long Phrase
everlasting taper lights,2,Long Phrase
untold,2,Single Word
world once more,2,Dance-Related
poor man,2,Dance-Related
old eyes cloud,2,Dance-Related
green sods lay,2,Long Phrase
old silence bids,2,Long Phrase
great boughs drop,2,Long Phrase
hound only lies,2,Long Phrase
panniered skirt copied,2,Long Phrase
poor man sent,2,Dance-Related
looks,2,Single Word
rose be yet,2,Long Phrase
lake once,2,Short Phrase
hard,2,Single Word
knelt,2,Single Word
nurtured,2,Single Word
move most gently,2,Dance-Related
sent,2,Single Word
rocked,2,Single Word
eternal beauty,2,Short Phrase
dripping,2,Single Word
old man,2,Dance-Related
other loves await,2,Long Phrase
chase,2,Dance-Related
tittle gone astray,2,Dance-Related
mind ran all,2,Dance-Related
ruin,2,Single Word
thrust dead leaves,2,Long Phrase
poor man dead,2,Dance-Related
great battle lost,2,Long Phrase
manhood still have,2,Dance-Related
best,2,Single Word
still have pride,2,Long Phrase
further,2,Single Word
times blessed skies,2,Long Phrase
falls awakens leafy,2,Dance-Related
awakens leafy tunes,2,Dance-Related
holds deep commune,2,Dance-Related
whereof,2,Single Word
murmur,2,Single Word
poplar,2,Single Word
bitter tide,2,Short Phrase
trees keep murmuring,2,Long Phrase
sandalled,2,Single Word
side trees keep,2,Long Phrase
murmuring softly lip,2,Long Phrase
mortal,2,Dance-Related
fret lies,2,Short Phrase
dies,2,Dance-Related
wandering music dies,2,Dance-Related
eternal,2,Single Word
head falls low,2,Dance-Related
old fellow there,2,Long Phrase
hiding,2,Single Word
fine,2,Single Word
aged hounds,2,Short Phrase
had more charm,2,Dance-Related
angry,2,Single Word
blinded,2,Single Word
burn,2,Single Word
crave,2,Single Word
crowned,2,Dance-Related
feel,2,Single Word
quiet bows apart,2,Long Phrase
taken,2,Single Word
are scores beside,2,Long Phrase
sheds,2,Single Word
hills reply,2,Short Phrase
sprightly girl trodden,2,Dance-Related
crowned dancer miss,2,Dance-Related
wherefore murmur ye,2,Long Phrase
old days long,2,Long Phrase
lonely folk rejoice,2,Dance-Related
lone border,2,Dance-Related
long brown nose,2,Long Phrase
beauty wandering,2,Dance-Related
gentle feeling wraps,2,Long Phrase
whirled,2,Dance-Related
little space,2,Short Phrase
fine angry mood,2,Long Phrase
blessed,2,Single Word
angry mood away,2,Long Phrase
choose,2,Single Word
talk men wild,2,Long Phrase
look,2,Single Word
last unhaunted sleep,2,Long Phrase
leading aged hounds,2,Long Phrase
boughs drop tranquillity,2,Long Phrase
sad souls now,2,Long Phrase
blind hound only,2,Long Phrase
blind hound,2,Short Phrase
long gone by,2,Dance-Related
new sorrow wrung,2,Dance-Related
days long gone,2,Dance-Related
holidays such praises,2,Long Phrase
old earth,2,Short Phrase
are,2,Single Word
makes,2,Single Word
gazed,2,Single Word
no more hear common,2,Dance-Related
pitches common things,2,Dance-Related
mouse running,2,Dance-Related
many pretty toys,2,Dance-Related
field mouse running,2,Dance-Related
most piteous story,2,Long Phrase
wind blows,2,Short Phrase
evil gathers head,2,Dance-Related
made old wrong,2,Long Phrase
wearied running round,2,Dance-Related
blows,2,Single Word
withered,2,Single Word
small cave,2,Short Phrase
worm hiding,2,Short Phrase
weak worm,2,Short Phrase
windy surges wend,2,Long Phrase
public opinion ripening,2,Long Phrase
delicate sensitive ear,2,Long Phrase
so long,2,Short Phrase
crazy hand dare,2,Dance-Related
meet,2,Single Word
heavy mortal,2,Dance-Related
less,2,Single Word
dream at all,2,Dance-Related
heavy story tell,2,Dance-Related
dim coming times,2,Long Phrase
bronzed peacock feathers,2,Long Phrase
ancient image made,2,Dance-Related
sought once again,2,Long Phrase
famous ivories,2,Short Phrase
written,2,Single Word
old cry still,2,Long Phrase
mortal hopes,2,Dance-Related
too had many,2,Dance-Related
now wind drops,2,Long Phrase
gentle valley stopping,2,Long Phrase
had many pretty,2,Dance-Related
gives,2,Single Word
hand dare touch,2,Dance-Related
comrade sorrow dreaming,2,Dance-Related
many changing things,2,Dance-Related
high comrade sorrow,2,Dance-Related
wings half spread,2,Long Phrase
laborious life imagined,2,Dance-Related
toiling only breeds,2,Dance-Related
humming,2,Single Word
ancient habit sticks,2,Long Phrase
own secret meditation,2,Long Phrase
story tell,2,Short Phrase
thy fretful words,2,Long Phrase
no more hear common things,2,Dance-Related
worship dusty deeds,2,Long Phrase
troubled mirror show,2,Long Phrase
dusty,2,Single Word
glad singing through,2,Dance-Related
troubling,2,Single Word
none dared admit,2,Dance-Related
own furious path,2,Long Phrase
certain,2,Single Word
little powder burned,2,Long Phrase
please,2,Single Word
words alone,2,Dance-Related
fixed old aching,2,Dance-Related
certain good,2,Dance-Related
warring kings,2,Short Phrase
be-mockers?--by,2,Single Word
old aching eyes,2,Long Phrase
dreams,2,Dance-Related
stammering schoolboy said,2,Long Phrase
ancient tricks unlearned,2,Long Phrase
ghostly,2,Single Word
nowise worship dusty,2,Long Phrase
walking,2,Single Word
sudden flaming word,2,Long Phrase
dream,2,Dance-Related
toiled so hard,2,Dance-Related
shouting,2,Single Word
had such burdens,2,Long Phrase
then nowise worship,2,Long Phrase
re-echoing,2,Single Word
own tale again,2,Long Phrase
dare,2,Single Word
man ever journeys,2,Dance-Related
such,2,Single Word
eyes grow,2,Short Phrase
eyes grow full,2,Dance-Related
bitter glass,2,Short Phrase
imagined,2,Single Word
little while,2,Short Phrase
fatal image grows,2,Dance-Related
end,2,Single Word
spirit rocked,2,Short Phrase
roots half hidden,2,Long Phrase
vanish,2,Single Word
lovely,2,Single Word
wool so white,2,Long Phrase
show,2,Single Word
satisfied,2,Single Word
tender eyes grow,2,Long Phrase
make so fair,2,Long Phrase
bowed,2,Single Word
little further,2,Short Phrase
further on,2,Short Phrase
opened,2,Single Word
asleep,2,Single Word
battling,2,Single Word
more hear,2,Dance-Related
tongue men,2,Dance-Related
gathers,2,Dance-Related
evil,2,Single Word
long dead,2,Short Phrase
bright hearts,2,Dance-Related
image made,2,Dance-Related
thing so sad,2,Dance-Related
thine own,2,Short Phrase
things said,2,Dance-Related
aged,2,Single Word
maybe,2,Single Word
holy branches start,2,Long Phrase
reply,2,Single Word
gaze no more,2,Dance-Related
thine,2,Single Word
girl goes dancing,2,Dance-Related
many ingenious lovely,2,Dance-Related
hear common,2,Dance-Related
windy,2,Single Word
starry candles flare,2,Long Phrase
astray,2,Single Word
light foot here,2,Long Phrase
burned,2,Single Word
finish,2,Single Word
sang softly nigh,2,Long Phrase
black,2,Single Word
dim wisdoms old,2,Long Phrase
ingenious lovely things,2,Dance-Related
elemental beings go,2,Dance-Related
wrong,2,Single Word
own whispering words,2,Long Phrase
seemed sheer miracle,2,Dance-Related
famous,2,Single Word
first blossoming age,2,Long Phrase
written page,2,Short Phrase
barbarous,2,Single Word
sweet dancer,2,Dance-Related
shaking,2,Single Word
goes dancing there,2,Dance-Related
whispering,2,Single Word
dreaming,2,Dance-Related
hollow,2,Single Word
gaze,2,Single Word
broken,2,Single Word
strange men come,2,Long Phrase
escaped,2,Single Word
hold,2,Dance-Related
strange things,2,Dance-Related
seek alone,2,Dance-Related
rolling,2,Single Word
shake,2,Dance-Related
more hear common things,2,Dance-Related
sink,2,Single Word
sleeps,2,Single Word
chinese dancers enwound,2,Dance-Related
moved yet seemed,2,Dance-Related
wore,2,Single Word
shaken,2,Dance-Related
sought,2,Single Word
free,2,Single Word
past,2,Single Word
take love easy,2,Long Phrase
eyes had once,2,Long Phrase
swept,2,Single Word
full round moon,2,Dance-Related
gray wolf knows,2,Long Phrase
bade,2,Single Word
falling,2,Single Word
fling stones,2,Dance-Related
fly,2,Single Word
ivory image there,2,Dance-Related
myriad,2,Single Word
laden,2,Single Word
dig old customs,2,Long Phrase
sighs,2,Single Word
hides,2,Single Word
old tympan lay,2,Long Phrase
eyeballs never moved,2,Dance-Related
red mournful lips,2,Long Phrase
living creature knows,2,Long Phrase
weary cry,2,Short Phrase
too,2,Single Word
hurled,2,Single Word
hid away earth,2,Long Phrase
wildly,2,Single Word
moved,2,Dance-Related
heavy rings uncoiled,2,Dance-Related
married voiced wildly,2,Long Phrase
looked,2,Single Word
dabbled,2,Single Word
read,2,Single Word
same white stars,2,Long Phrase
weary woman sleeps,2,Dance-Related
fade,2,Single Word
ships loose thought,2,Long Phrase
tire,2,Single Word
only white birds,2,Long Phrase
carries,2,Single Word
feared,2,Single Word
most secret spirit,2,Long Phrase
caught,2,Single Word
morn grew frosty,2,Long Phrase
secret spirit grew,2,Long Phrase
lingers hung low,2,Long Phrase
waves,2,Single Word
wandering fire,2,Dance-Related
hung low,2,Short Phrase
soft,2,Single Word
blue star,2,Short Phrase
no longer,2,Short Phrase
no longer hear,2,Dance-Related
shone keen eyes,2,Dance-Related
little childer dear,2,Long Phrase
drowsy water rats,2,Long Phrase
true,2,Single Word
buoyed,2,Single Word
glad,2,Single Word
hushed,2,Single Word
need have,2,Short Phrase
flapping herons wake,2,Long Phrase
body perfection brought,2,Long Phrase
clouds flew high,2,Dance-Related
married,2,Single Word
voiced wildly trolled,2,Long Phrase
reddest stolen cherries,2,Long Phrase
won,2,Single Word
keen,2,Single Word
dancing silver sandalled,2,Dance-Related
wrought,2,Single Word
arise,2,Single Word
secret,2,Single Word
maiden,2,Single Word
sings,2,Dance-Related
come at last,2,Long Phrase
purple,2,Single Word
small cabin build,2,Long Phrase
dancing silver,2,Dance-Related
go now,2,Dance-Related
penal days rode,2,Long Phrase
better,2,Single Word
grey rock,2,Short Phrase
lake water lapping,2,Long Phrase
proud maiden,2,Short Phrase
sold,2,Single Word
hurried,2,Single Word
hear lake water,2,Dance-Related
cabin build there,2,Long Phrase
new still hides,2,Long Phrase
carried,2,Single Word
pebbly shore,2,Short Phrase
golden,2,Dance-Related
warmer,2,Single Word
fingers never still,2,Dance-Related
dart,2,Dance-Related
purr,2,Dance-Related
hidden magical breath,2,Long Phrase
glance,2,Single Word
lives,2,Single Word
above,2,Single Word
white stars tell,2,Long Phrase
so old,2,Short Phrase
moonlit eyeballs never,2,Dance-Related
waning,2,Single Word
long dark hair,2,Long Phrase
have peace now,2,Long Phrase
take life easy,2,Dance-Related
sheds faint odours,2,Long Phrase
equal,2,Single Word
moon burned dim,2,Long Phrase
care,2,Single Word
motionless head erect,2,Dance-Related
longer,2,Single Word
wore large holes,2,Long Phrase
shadowy hazel grove,2,Long Phrase
gentle silence wrought,2,Long Phrase
easy,2,Single Word
lonely melody,2,Dance-Related
winds ever blowing,2,Long Phrase
sat,2,Single Word
wet winds ever,2,Long Phrase
wore small holes,2,Long Phrase
grown old,2,Short Phrase
cold wet winds,2,Long Phrase
more gay,2,Dance-Related
miss,2,Single Word
kiss,2,Single Word
shining,2,Single Word
bent,2,Single Word
labouring,2,Single Word
creak gave,2,Short Phrase
had free lands,2,Dance-Related
blue,2,Single Word
glow,2,Dance-Related
battles never done,2,Dance-Related
cast round,2,Dance-Related
more turn aside,2,Dance-Related
foolish things,2,Dance-Related
old timid grace,2,Long Phrase
bear no more,2,Dance-Related
rules,2,Single Word
woven sails,2,Short Phrase
star shone faint,2,Dance-Related
weaving olden dances,2,Dance-Related
world more full,2,Dance-Related
brazen,2,Single Word
scented oaken press,2,Long Phrase
went away,2,Short Phrase
so wildly bred,2,Long Phrase
east wind despair,2,Long Phrase
gold embroidered dress,2,Dance-Related
poor foolish,2,Short Phrase
cage bird,2,Short Phrase
long gray ships,2,Long Phrase
glimmering,2,Single Word
ye little childer,2,Long Phrase
west wind made,2,Long Phrase
north wind afraid,2,Long Phrase
south wind brought,2,Long Phrase
mingling,2,Single Word
coloured,2,Single Word
scarce,2,Single Word
hears love sing,2,Dance-Related
fields grew fatter,2,Long Phrase
have as healthy,2,Long Phrase
gathered,2,Dance-Related
wandering water gushes,2,Dance-Related
dabbled hair gather,2,Dance-Related
laid,2,Single Word
dishevelled wandering stars,2,Dance-Related
over,2,Single Word
tender,2,Single Word
thrust,2,Single Word
sometimes,2,Single Word
feet go glimmering,2,Dance-Related
as healthy flesh,2,Long Phrase
strange thing surely,2,Dance-Related
grew fatter day,2,Long Phrase
white feet go,2,Dance-Related
chaunt,2,Single Word
grey,2,Single Word
replied,2,Single Word
feet laid side,2,Long Phrase
mourn,2,Single Word
sleeps so hard,2,Long Phrase
own sadness,2,Short Phrase
cage bird mate,2,Long Phrase
lone,2,Dance-Related
whereof stars,2,Short Phrase
so hard,2,Short Phrase
young man now,2,Dance-Related
man poured fish,2,Dance-Related
beaked hollow galleys,2,Long Phrase
pity,2,Single Word
planted cypress round,2,Dance-Related
nights hold fast,2,Dance-Related
dim gray,2,Short Phrase
dim gray sea,2,Long Phrase
cushioned otter skin,2,Dance-Related
changed,2,Single Word
loud brazen battle,2,Dance-Related
woman sleeps so,2,Dance-Related
soon,2,Single Word
high funeral gleam,2,Dance-Related
young man,2,Dance-Related
sweet far thing,2,Dance-Related
ruin untold,2,Short Phrase
long ships loose,2,Long Phrase
seeing,2,Dance-Related
rose,2,Single Word
little cry,2,Short Phrase
heart hung all,2,Dance-Related
little silver heads,2,Dance-Related
born,2,Single Word
bird mate,2,Short Phrase
more blinded,2,Dance-Related
sad hearts,2,Dance-Related
best labourer dead,2,Long Phrase
wild bird mate,2,Long Phrase
man grew red,2,Dance-Related
drank sweet wine,2,Dance-Related
wake,2,Single Word
indifferent,2,Single Word
left,2,Single Word
planted,2,Single Word
minded,2,Dance-Related
dim gray sands,2,Long Phrase
lost as soon,2,Long Phrase
tired,2,Single Word
unremembering nights hold,2,Dance-Related
lovely things,1,Dance-Related
go scot,1,Dance-Related
ingenious lovely,1,Short Phrase
own blood,1,Short Phrase
agree,1,Single Word
weasels fighting,1,Short Phrase
leap,1,Dance-Related
fine thought,1,Short Phrase
many ingenious lovely things,1,Dance-Related
sink unmanned,1,Dance-Related
happy,1,Single Word
off,1,Single Word
chinese dancers,1,Dance-Related
dared admit,1,Short Phrase
none dared,1,Dance-Related
furthest,1,Single Word
foot,1,Single Word
country round,1,Dance-Related
ghostly solitude,1,Short Phrase
weaving,1,Single Word
mighty monument,1,Short Phrase
honour leave,1,Short Phrase
olden,1,Dance-Related
shallow wits,1,Short Phrase
many ingenious,1,Dance-Related
comfort left,1,Short Phrase
white hand,1,Dance-Related
frothy,1,Single Word
tricks unlearned,1,Short Phrase
had many,1,Dance-Related
great army,1,Short Phrase
love easy,1,Short Phrase
had many pretty toys,1,Dance-Related
pensively apart,1,Short Phrase
take love,1,Short Phrase
many pretty,1,Dance-Related
curtained room,1,Short Phrase
little snow,1,Short Phrase
salley gardens,1,Short Phrase
too had many pretty toys,1,Dance-Related
pretty toys,1,Short Phrase
solemn,1,Single Word
law indifferent,1,Short Phrase
made old,1,Short Phrase
helpful,1,Single Word
curtained,1,Single Word
old wrong,1,Short Phrase
ancient tricks,1,Short Phrase
public opinion,1,Short Phrase
lays,1,Single Word
opinion ripening,1,Short Phrase
worst rogues,1,Short Phrase
future days,1,Short Phrase
warm,1,Single Word
leaves grow,1,Short Phrase
seemed sheer,1,Dance-Related
ancient image,1,Dance-Related
grass grows,1,Short Phrase
anxious,1,Single Word
drunken soldiery,1,Dance-Related
sheer miracle,1,Short Phrase
pitches common,1,Short Phrase
life easy,1,Dance-Related
now days,1,Short Phrase
drowsy chargers,1,Short Phrase
gushes,1,Single Word
powder burned,1,Short Phrase
ornamental bronze,1,Short Phrase
bathe,1,Single Word
showy thing,1,Dance-Related
take life,1,Dance-Related
olive wood,1,Short Phrase
slumbering,1,Single Word
pensively,1,Single Word
drop,1,Single Word
golden grasshoppers,1,Dance-Related
little powder,1,Short Phrase
too had,1,Short Phrase
leaning shoulder,1,Short Phrase
going,1,Dance-Related
too had many pretty,1,Dance-Related
clear,1,Single Word
loosens,1,Single Word
mown,1,Single Word
sown,1,Single Word
wandering cry,1,Dance-Related
huntsman loosens,1,Dance-Related
grew red,1,Short Phrase
own place,1,Short Phrase
leading aged,1,Short Phrase
wasted hands,1,Dance-Related
pleasant tongue,1,Dance-Related
now moves,1,Dance-Related
brown nose,1,Short Phrase
long brown,1,Short Phrase
star shone,1,Dance-Related
shone faint,1,Dance-Related
armchair goes,1,Dance-Related
little straws,1,Short Phrase
bare boreen,1,Short Phrase
sleepy streams,1,Short Phrase
pours round,1,Dance-Related
fingers move,1,Dance-Related
man grew,1,Dance-Related
wandering music,1,Dance-Related
new sorrow,1,Short Phrase
cold baby,1,Short Phrase
morn grew,1,Short Phrase
hound only,1,Short Phrase
grew frosty,1,Short Phrase
blind hound only lies,1,Long Phrase
weary woman,1,Dance-Related
sorrow wrung,1,Dance-Related
weary woman sleeps so,1,Dance-Related
weary woman sleeps so hard,1,Dance-Related
cushioned place,1,Dance-Related
servants round,1,Dance-Related
feebly say,1,Short Phrase
music dies,1,Dance-Related
woman sleeps,1,Dance-Related
woman sleeps so hard,1,Dance-Related
sleeps so,1,Short Phrase
eyes cloud,1,Dance-Related
old eyes,1,Short Phrase
kindly neighbour,1,Short Phrase
says,1,Single Word
cushioned chair,1,Dance-Related
now lay,1,Short Phrase
weakly,1,Single Word
sure,1,Single Word
movin,1,Single Word
home,1,Single Word
fetch,1,Single Word
just,1,Single Word
cushions there,1,Short Phrase
used,1,Single Word
drew,1,Single Word
neighbour,1,Single Word
kindly,1,Single Word
dear,1,Single Word
bare,1,Single Word
frosty,1,Single Word
cushions here,1,Short Phrase
world once,1,Short Phrase
falls low,1,Short Phrase
filled full,1,Dance-Related
surely come,1,Short Phrase
home agin,1,Short Phrase
so now,1,Short Phrase
head falls,1,Dance-Related
ye little,1,Short Phrase
eyelids droop,1,Short Phrase
ancient cheer,1,Short Phrase
strange road,1,Short Phrase
drag,1,Single Word
huntsman here,1,Dance-Related
mutter,1,Single Word
bring hound,1,Short Phrase
saltin,1,Single Word
now leave,1,Short Phrase
gently up,1,Short Phrase
stables bring,1,Short Phrase
childer dear,1,Short Phrase
hound only lies apart,1,Long Phrase
only lies,1,Short Phrase
devils have,1,Short Phrase
small holes,1,Short Phrase
wore large,1,Short Phrase
wrung,1,Dance-Related
sigh,1,Single Word
large holes,1,Short Phrase
weep,1,Single Word
feebly,1,Single Word
sway,1,Dance-Related
wore small,1,Short Phrase
went up,1,Short Phrase
have peace,1,Short Phrase
peace now,1,Short Phrase
one died,1,Dance-Related
came keeners,1,Short Phrase
weeping score,1,Short Phrase
stands,1,Dance-Related
gazing,1,Single Word
smitten,1,Single Word
human keening,1,Dance-Related
dancing there,1,Dance-Related
bind,1,Single Word
gently astray,1,Short Phrase
men come,1,Short Phrase
strange men,1,Short Phrase
black cloud,1,Dance-Related
penal days,1,Short Phrase
bitter youth,1,Short Phrase
days rode,1,Short Phrase
wail,1,Single Word
goes dancing,1,Dance-Related
had free,1,Short Phrase
girl goes dancing there,1,Dance-Related
free lands,1,Dance-Related
own snipe,1,Short Phrase
girl goes,1,Dance-Related
trust took,1,Short Phrase
people came,1,Short Phrase
world round,1,Dance-Related
neighbour minded,1,Dance-Related
shore lines,1,Short Phrase
wintry head,1,Dance-Related
reproved,1,Single Word
dig,1,Single Word
lifts slow,1,Dance-Related
moments pass,1,Short Phrase
poor fisher,1,Short Phrase
deep commune,1,Short Phrase
holds deep,1,Dance-Related
weeping,1,Single Word
long day,1,Short Phrase
blessed moonlight,1,Short Phrase
smitten grass,1,Short Phrase
lies apart,1,Short Phrase
blind hound only lies apart,1,Long Phrase
pebbly street,1,Short Phrase
just born,1,Short Phrase
stayed,1,Single Word
large,1,Single Word
leading,1,Single Word
filled,1,Single Word
wasted,1,Single Word
pleasant,1,Single Word
came keening,1,Short Phrase
smooths,1,Single Word
young birds,1,Short Phrase
old birds,1,Short Phrase
cloud,1,Dance-Related
keening in,1,Short Phrase
took,1,Single Word
all reproved,1,Short Phrase
dig old,1,Short Phrase
old customs,1,Short Phrase
penal,1,Single Word
carry,1,Single Word
hounds wail,1,Short Phrase
servants bear,1,Short Phrase
blest,1,Single Word
floating,1,Single Word
dancers enwound,1,Dance-Related
shining web,1,Short Phrase
cares,1,Single Word
betray,1,Single Word
wretches,1,Single Word
imagine,1,Single Word
bred,1,Single Word
mate,1,Single Word
healthy,1,Single Word
exchange,1,Single Word
lost as,1,Short Phrase
afraid,1,Single Word
pitiful,1,Single Word
west,1,Single Word
as soon,1,Short Phrase
south,1,Single Word
best labourer,1,Short Phrase
norman,1,Dance-Related
unsought,1,Single Word
wild sake,1,Short Phrase
man now,1,Dance-Related
childish gratitude,1,Short Phrase
heart sang,1,Dance-Related
poor wretches,1,Short Phrase
lies have,1,Short Phrase
imagine lies,1,Short Phrase
labourer dead,1,Short Phrase
wild bird,1,Short Phrase
wildly bred,1,Short Phrase
salt drops,1,Short Phrase
persuade,1,Single Word
mistake,1,Single Word
ivory,1,Single Word
chanced,1,Single Word
matter,1,Single Word
strike,1,Single Word
kissed,1,Single Word
played,1,Single Word
arranged,1,Single Word
gleam,1,Single Word
bodily,1,Single Word
strangle,1,Single Word
though,1,Single Word
wound,1,Single Word
chosen,1,Single Word
was danced,1,Dance-Related
childish,1,Single Word
danced heart,1,Dance-Related
so gleam,1,Short Phrase
bodily movement,1,Dance-Related
black hair,1,Short Phrase
chosen youth,1,Short Phrase
image there,1,Dance-Related
ivory image,1,Dance-Related
ignorant,1,Single Word
rewarded,1,Single Word
thus,1,Single Word
ruined,1,Single Word
match,1,Single Word
so wildly,1,Short Phrase
young child,1,Short Phrase
turn away,1,Dance-Related
battle lost,1,Short Phrase
mice make,1,Short Phrase
more sound,1,Dance-Related
scaffolding reclines,1,Short Phrase
tinker shuffle,1,Short Phrase
part woman,1,Dance-Related
lonely place,1,Dance-Related
most gently,1,Short Phrase
move most,1,Dance-Related
men recall,1,Short Phrase
topless towers,1,Short Phrase
eyes fixed,1,Dance-Related
distant post,1,Short Phrase
great battle,1,Short Phrase
tether,1,Single Word
baying,1,Single Word
awake,1,Single Word
turkish,1,Single Word
meditative,1,Single Word
copied,1,Single Word
panniered,1,Single Word
glide,1,Dance-Related
venetian,1,Single Word
learned,1,Single Word
face,1,Single Word
religious,1,Single Word
best away,1,Short Phrase
hand moves,1,Dance-Related
distant,1,Single Word
rib laughed,1,Short Phrase
west wind,1,Short Phrase
upland caught,1,Dance-Related
bear no,1,Short Phrase
monstrous crying,1,Short Phrase
healthy flesh,1,Short Phrase
as healthy,1,Short Phrase
have as healthy flesh,1,Long Phrase
have as,1,Short Phrase
neighbouring mind,1,Dance-Related
exchange opinion,1,Short Phrase
wind afraid,1,Short Phrase
north wind,1,Short Phrase
wind made,1,Short Phrase
wind despair,1,Short Phrase
topless,1,Single Word
east wind,1,Short Phrase
wind brought,1,Short Phrase
south wind,1,Short Phrase
poplar shade,1,Dance-Related
norman upland,1,Dance-Related
come unsought,1,Short Phrase
thing surely,1,Dance-Related
strange thing,1,Dance-Related
picked,1,Single Word
thinks,1,Dance-Related
recall,1,Single Word
burnt,1,Single Word
try,1,Single Word
living creature,1,Short Phrase
creature knows,1,Short Phrase
outdanced thought,1,Dance-Related
so stretched,1,Short Phrase
so wrought,1,Short Phrase
contemplation had,1,Short Phrase
yet seemed,1,Dance-Related
moved yet,1,Dance-Related
minute particulars,1,Short Phrase
ear silence,1,Short Phrase
perfection brought,1,Short Phrase
fifteenth,1,Single Word
lashed,1,Single Word
unknown,1,Single Word
body perfection,1,Short Phrase
little peace,1,Short Phrase
unremembering nights hold fast,1,Dance-Related
motionless,1,Single Word
things unloved,1,Dance-Related
things loved,1,Dance-Related
never moved,1,Dance-Related
erect,1,Single Word
moonlit,1,Single Word
eyeballs never,1,Dance-Related
unloved,1,Dance-Related
moonlit eyeballs never moved,1,Dance-Related
moonlit eyeballs,1,Dance-Related
head erect,1,Dance-Related
motionless head,1,Dance-Related
unremembering nights,1,Short Phrase
nights hold,1,Dance-Related
things known,1,Dance-Related
constrained,1,Single Word
right,1,Dance-Related
lifted,1,Single Word
solider,1,Single Word
suddenly,1,Single Word
obey,1,Single Word
abstract,1,Single Word
magical,1,Single Word
knowing,1,Single Word
jointed,1,Single Word
unbent,1,Single Word
baffled,1,Single Word
arraigned,1,Single Word
pounded,1,Single Word
hold fast,1,Dance-Related
particular,1,Single Word
blank,1,Single Word
vanished,1,Single Word
ruined house,1,Short Phrase
rewarded thus,1,Short Phrase
western seas,1,Short Phrase
dark moon,1,Short Phrase
burning town,1,Short Phrase
never gave,1,Short Phrase
pulses beat,1,Dance-Related
crazy juice,1,Short Phrase
flying fling,1,Short Phrase
things unknown,1,Dance-Related
eyes lit,1,Short Phrase
heavy rings,1,Dance-Related
moon burned,1,Short Phrase
uncoiled,1,Single Word
wept,1,Single Word
fast,1,Single Word
pulled,1,Single Word
living,1,Single Word
shape,1,Single Word
footsteps go,1,Dance-Related
music flow,1,Dance-Related
silence wrought,1,Short Phrase
gentle silence,1,Short Phrase
cloudy rim,1,Dance-Related
burned dim,1,Short Phrase
pale cup,1,Short Phrase
unfold,1,Single Word
rub,1,Single Word
undone,1,Dance-Related
drowsy thought,1,Short Phrase
dim powers,1,Short Phrase
flaming wings,1,Short Phrase
old care,1,Short Phrase
harmonious choir,1,Short Phrase
western,1,Single Word
windy fire,1,Dance-Related
falling wave,1,Short Phrase
glimmering deep,1,Short Phrase
rings uncoiled,1,Short Phrase
harmonious,1,Single Word
cover,1,Single Word
fifteenth night,1,Short Phrase
fingers never,1,Dance-Related
dancing dreamed,1,Dance-Related
life away,1,Dance-Related
woman breast,1,Dance-Related
suddenly saw,1,Short Phrase
so dead,1,Short Phrase
so abstract,1,Short Phrase
magical breath,1,Short Phrase
hidden magical,1,Short Phrase
jointed jaws,1,Short Phrase
life began,1,Dance-Related
own will,1,Short Phrase
never still,1,Short Phrase
blank eyes,1,Short Phrase
unremembering,1,Single Word
still hides,1,Short Phrase
new still,1,Short Phrase
old moon,1,Short Phrase
cold spirits,1,Short Phrase
quiet eyed,1,Short Phrase
outdanced,1,Dance-Related
cloudy,1,Dance-Related
silence,1,Single Word
stop,1,Single Word
twere,1,Single Word
stretched,1,Single Word
drowsy,1,Single Word
turkish trousers,1,Short Phrase
meditative critic,1,Short Phrase
skirt copied,1,Short Phrase
sheer,1,Single Word
worst,1,Single Word
future,1,Single Word
outlive,1,Single Word
ripening,1,Single Word
public,1,Single Word
bribe,1,Single Word
blame,1,Single Word
pretty,1,Single Word
olive,1,Single Word
ornamental,1,Single Word
pitches,1,Single Word
protected,1,Single Word
ingenious,1,Single Word
unlearned,1,Single Word
red combs,1,Short Phrase
peacock feathers,1,Short Phrase
bronzed peacock,1,Short Phrase
insolent fiend,1,Short Phrase
pale locks,1,Short Phrase
stupid straw,1,Short Phrase
great eyes,1,Short Phrase
lurches past,1,Short Phrase
dust settles,1,Short Phrase
wind drops,1,Short Phrase
now wind,1,Short Phrase
angry cries,1,Short Phrase
drawn,1,Single Word
showy,1,Single Word
dare touch,1,Short Phrase
mighty,1,Single Word
mythological,1,Single Word
moralist,1,Single Word
instead,1,Single Word
platonic,1,Single Word
furious,1,Single Word
fallen,1,Single Word
enwound,1,Single Word
chinese,1,Dance-Related
admit,1,Single Word
dared,1,Single Word
vanishes,1,Single Word
loves,1,Single Word
spent,1,Single Word
burst,1,Single Word
shallow,1,Single Word
unmanned,1,Dance-Related
fighting,1,Single Word
planned,1,Single Word
pieced,1,Single Word
sweat,1,Single Word
crawl,1,Single Word
murdered,1,Single Word
drunken,1,Dance-Related
ridden,1,Single Word
prance,1,Single Word
lack,1,Single Word
amorous cries,1,Short Phrase
hand dare,1,Dance-Related
troubled,1,Single Word
breast thrust,1,Short Phrase
afflict mankind,1,Dance-Related
mischief seemed,1,Dance-Related
life imagined,1,Dance-Related
laborious life,1,Dance-Related
bring wildness,1,Short Phrase
desolate heaven,1,Short Phrase
lucky death,1,Short Phrase
habit sticks,1,Short Phrase
ancient habit,1,Short Phrase
secret meditation,1,Short Phrase
own secret,1,Short Phrase
approaching night,1,Short Phrase
half spread,1,Short Phrase
had such,1,Short Phrase
wings half,1,Short Phrase
brief gleam,1,Short Phrase
mirror show,1,Short Phrase
troubled mirror,1,Short Phrase
solitary soul,1,Short Phrase
mythological poet,1,Short Phrase
barbarous clangour,1,Dance-Related
old instead,1,Short Phrase
new right,1,Dance-Related
furious path,1,Short Phrase
own furious,1,Short Phrase
floating ribbon,1,Short Phrase
winter blow,1,Short Phrase
such burdens,1,Short Phrase
crazy hand dare touch,1,Dance-Related
handsome riders,1,Dance-Related
crazy hand,1,Dance-Related
dusty wind,1,Short Phrase
sudden blast,1,Short Phrase
returned again,1,Dance-Related
gathers head,1,Dance-Related
evil gathers,1,Dance-Related
running round,1,Dance-Related
tumble,1,Single Word
wearied running,1,Dance-Related
tossing mane,1,Dance-Related
sensitive ear,1,Short Phrase
delicate sensitive,1,Short Phrase
foul storm,1,Short Phrase
toiled so,1,Dance-Related
help good,1,Dance-Related
hand maybe,1,Dance-Related
fancied goodness,1,Dance-Related
seasons run,1,Dance-Related
never saw,1,Short Phrase
aching eyes,1,Short Phrase
old aching,1,Short Phrase
fixed old aching eyes,1,Dance-Related
fixed old,1,Dance-Related
calendars whereon,1,Short Phrase
levelling wind,1,Short Phrase
monument behind,1,Short Phrase
solitary,1,Single Word
brief,1,Single Word
panniered skirt,1,Short Phrase
had more,1,Dance-Related
heart denies,1,Dance-Related
men wild,1,Short Phrase
talk men,1,Short Phrase
barbarous crowd,1,Short Phrase
have beauty,1,Short Phrase
limb have,1,Short Phrase
scores beside,1,Short Phrase
are scores,1,Short Phrase
no matter,1,Short Phrase
imperious way,1,Short Phrase
poor luck,1,Short Phrase
more charm,1,Dance-Related
laughing eye,1,Short Phrase
proud look,1,Short Phrase
night applaud,1,Short Phrase
young men,1,Short Phrase
surpassing womankind,1,Dance-Related
girl trodden,1,Short Phrase
sprightly girl,1,Dance-Related
unblemished lineaments,1,Short Phrase
such praises,1,Short Phrase
holidays such,1,Short Phrase
everlasting,1,Single Word
cries,1,Single Word
vain,1,Single Word
kissing,1,Dance-Related
exact likeness,1,Short Phrase
burning sun,1,Short Phrase
pull,1,Single Word
beside,1,Single Word
red shoes,1,Short Phrase
venetian lady,1,Short Phrase
old courtesies,1,Short Phrase
priest say,1,Dance-Related
religious festival,1,Short Phrase
tittle,1,Single Word
exact,1,Single Word
denies,1,Single Word
talk,1,Single Word
walk,1,Single Word
pick,1,Single Word
boasts,1,Single Word
imperious,1,Single Word
shapely body,1,Short Phrase
flings,1,Single Word
laughing,1,Single Word
applaud,1,Single Word
blemish,1,Single Word
surpassing,1,Dance-Related
trodden,1,Single Word
sprightly,1,Dance-Related
unblemished,1,Single Word
lonely thing,1,Dance-Related
most lonely,1,Dance-Related
gone astray,1,Dance-Related
tittle gone,1,Dance-Related
silent,1,Single Word
smokes,1,Single Word
play,1,Single Word
behind,1,Single Word
delicate,1,Single Word
garlanded,1,Dance-Related
handsome,1,Dance-Related
few,1,Single Word
foul,1,Single Word
bar,1,Single Word
shrieked,1,Single Word
proclaim,1,Single Word
fancied,1,Single Word
gape,1,Single Word
aching,1,Single Word
levelling,1,Single Word
late,1,Single Word
wearied,1,Single Word
toiled,1,Dance-Related
talked,1,Single Word
pated,1,Single Word
afflict,1,Single Word
mend,1,Single Word
laborious,1,Single Word
desolate,1,Single Word
leaped,1,Dance-Related
lucky,1,Single Word
affirms,1,Single Word
approaching,1,Single Word
ride,1,Single Word
sensitive,1,Single Word
returned,1,Dance-Related
onyx eyes,1,Short Phrase
bring roses,1,Short Phrase
wisdom shut,1,Short Phrase
taper lights,1,Short Phrase
everlasting taper,1,Short Phrase
still cries,1,Short Phrase
cataract still,1,Short Phrase
wine unwet,1,Short Phrase
foot silent,1,Short Phrase
bring fiddle,1,Short Phrase
mountain side,1,Short Phrase
cataract smokes,1,Short Phrase
be yet,1,Short Phrase
rose be,1,Short Phrase
have pride,1,Short Phrase
touch,1,Single Word
still have,1,Short Phrase
manhood still have pride,1,Dance-Related
manhood still,1,Dance-Related
bronzed,1,Single Word
insolent,1,Single Word
stupid,1,Single Word
lurches,1,Single Word
thereupon,1,Single Word
settles,1,Single Word
drops,1,Single Word
according,1,Single Word
stolen,1,Single Word
amorous,1,Single Word
unquiet lands,1,Dance-Related
reddest,1,Single Word
last unhaunted,1,Short Phrase
heaped,1,Single Word
prudent,1,Single Word
wandered,1,Single Word
quicken,1,Single Word
poured,1,Single Word
silken,1,Single Word
dancer miss,1,Dance-Related
crowned dancer,1,Dance-Related
reedy cry,1,Short Phrase
taken man,1,Dance-Related
turbaned steep,1,Short Phrase
unhaunted sleep,1,Short Phrase
mood away,1,Short Phrase
old silence,1,Short Phrase
angry mood,1,Short Phrase
fine angry mood away,1,Long Phrase
fine angry,1,Short Phrase
tale drove,1,Short Phrase
trouble dies,1,Dance-Related
feeling wraps,1,Short Phrase
gentle feeling,1,Short Phrase
strewn rose,1,Short Phrase
leafage cool,1,Short Phrase
calm brows,1,Short Phrase
folk rejoice,1,Short Phrase
lonely folk,1,Dance-Related
plashy,1,Dance-Related
muddy,1,Single Word
somewhere,1,Single Word
dwelt,1,Single Word
wander now,1,Short Phrase
fellow there,1,Short Phrase
old fellow,1,Short Phrase
one turned,1,Dance-Related
bless,1,Single Word
leans,1,Single Word
cry,1,Single Word
reedy,1,Single Word
spired,1,Single Word
steep,1,Single Word
turbaned,1,Single Word
vapour,1,Single Word
unhaunted,1,Single Word
wraps,1,Single Word
strewn,1,Single Word
fades,1,Single Word
cool,1,Single Word
calm,1,Single Word
chaplet,1,Single Word
bids,1,Single Word
unneeded,1,Single Word
drunk,1,Dance-Related
fail,1,Single Word
awakens,1,Single Word
exulting,1,Single Word
silence bids,1,Short Phrase
unneeded voice,1,Short Phrase
faery,1,Single Word
pierce,1,Single Word
little silver,1,Dance-Related
poured fish,1,Short Phrase
man poured,1,Dance-Related
sleepy care,1,Short Phrase
earth made,1,Short Phrase
silken dress,1,Short Phrase
hung all,1,Short Phrase
heart hung,1,Dance-Related
dishevelled,1,Single Word
brood,1,Dance-Related
aside,1,Single Word
fears,1,Single Word
drive,1,Single Word
grass growing,1,Short Phrase
wandering stars,1,Dance-Related
dishevelled wandering,1,Dance-Related
dim sea,1,Short Phrase
white breast,1,Short Phrase
brazen cars,1,Short Phrase
bitter mystery,1,Short Phrase
turn aside,1,Dance-Related
more turn,1,Dance-Related
tender eyelids,1,Short Phrase
russet brow,1,Short Phrase
level shore,1,Short Phrase
woven shade,1,Dance-Related
silver heads,1,Dance-Related
twilight sheds,1,Short Phrase
beloved isle,1,Short Phrase
people love,1,Short Phrase
small knot,1,Short Phrase
deep earth,1,Short Phrase
country tale,1,Short Phrase
sudden vengeance,1,Short Phrase
more wise,1,Dance-Related
leafy tunes,1,Dance-Related
awakens leafy,1,Dance-Related
falls awakens leafy tunes,1,Dance-Related
falls awakens,1,Short Phrase
fruitage makes,1,Short Phrase
blessed skies,1,Short Phrase
times blessed,1,Short Phrase
gentle race,1,Short Phrase
muddy mouth,1,Short Phrase
plashy place,1,Dance-Related
prudent years,1,Dance-Related
money cares,1,Dance-Related
ran all,1,Short Phrase
mind ran,1,Dance-Related
new ease,1,Short Phrase
singing shook,1,Dance-Related
quicken boughs,1,Short Phrase
woven roofs,1,Short Phrase
faery vows,1,Short Phrase
laden seas,1,Short Phrase
side trees,1,Short Phrase
side trees keep murmuring,1,Long Phrase
trees keep,1,Short Phrase
flaming circle,1,Short Phrase
ever grieves,1,Short Phrase
half hidden,1,Short Phrase
roots half,1,Short Phrase
blackened leaves,1,Short Phrase
broken boughs,1,Short Phrase
image grows,1,Dance-Related
fatal image,1,Dance-Related
only gaze,1,Short Phrase
subtle guile,1,Short Phrase
tender care,1,Short Phrase
grow full,1,Dance-Related
shaken hair,1,Dance-Related
gentle strife,1,Short Phrase
keep murmuring,1,Short Phrase
bewildered branches,1,Dance-Related
wizard song,1,Dance-Related
leafy head,1,Dance-Related
planted quiet,1,Short Phrase
hidden root,1,Short Phrase
merry light,1,Short Phrase
changing colours,1,Short Phrase
trembling flowers,1,Short Phrase
branches start,1,Short Phrase
holy branches,1,Short Phrase
growing there,1,Short Phrase
holy tree,1,Short Phrase
things turn,1,Dance-Related
dim glass,1,Short Phrase
demons hold,1,Dance-Related
outer weariness,1,Short Phrase
unkind,1,Single Word
bought,1,Single Word
bartered,1,Single Word
unresting,1,Single Word
outer,1,Single Word
grieves,1,Single Word
driven,1,Single Word
blackened,1,Single Word
fatal,1,Single Word
subtle,1,Single Word
looking,1,Single Word
borne,1,Single Word
winged,1,Single Word
bewildered,1,Dance-Related
given,1,Single Word
merry,1,Single Word
dowered,1,Single Word
trembling,1,Single Word
start,1,Single Word
gaze no,1,Short Phrase
tender eyes,1,Short Phrase
souls bartered,1,Short Phrase
see men,1,Dance-Related
unresting thought,1,Short Phrase
broken branches,1,Short Phrase
least,1,Single Word
wrapped,1,Single Word
bleed,1,Single Word
came once,1,Short Phrase
moths came,1,Short Phrase
sparrow chirp,1,Short Phrase
leaves shook,1,Short Phrase
millions grew,1,Short Phrase
stars began,1,Short Phrase
hour went,1,Short Phrase
fell asleep,1,Short Phrase
body spake,1,Short Phrase
people die,1,Dance-Related
man sent,1,Dance-Related
sods lay,1,Short Phrase
green sods,1,Short Phrase
weary night,1,Short Phrase
wherefore,1,Single Word
known faces,1,Short Phrase
poplar tree,1,Short Phrase
gone by,1,Dance-Related
old days long gone by,1,Dance-Related
long gone,1,Dance-Related
days long gone by,1,Dance-Related
days long,1,Short Phrase
old days long gone,1,Dance-Related
old days,1,Short Phrase
murmur ye,1,Short Phrase
wherefore murmur,1,Short Phrase
moths came once more,1,Dance-Related
stood upright,1,Dance-Related
swayed,1,Dance-Related
little care,1,Short Phrase
ago,1,Dance-Related
roused,1,Single Word
upright,1,Dance-Related
whispered,1,Single Word
covered,1,Single Word
peep,1,Single Word
fell,1,Single Word
prayed,1,Single Word
spake,1,Single Word
forgive,1,Single Word
grieve,1,Single Word
nodded,1,Single Word
had pity,1,Short Phrase
purple robes,1,Short Phrase
great angels,1,Short Phrase
as merry,1,Short Phrase
grief swayed,1,Dance-Related
hour ago,1,Dance-Related
man dead,1,Dance-Related
come again,1,Short Phrase
wife opened,1,Short Phrase
sick man,1,Dance-Related
rocky lane,1,Short Phrase
never rode,1,Short Phrase
rode now,1,Short Phrase
deep wood,1,Short Phrase
go drive,1,Dance-Related
timid,1,Single Word
long ships loose thought,1,Long Phrase
clean,1,Single Word
hears,1,Dance-Related
call,1,Single Word
blown,1,Single Word
unfurled,1,Single Word
tall,1,Single Word
longer hear,1,Dance-Related
same white,1,Short Phrase
last defeated,1,Short Phrase
equal fate,1,Short Phrase
loose thought,1,Short Phrase
ships loose,1,Short Phrase
long ships,1,Short Phrase
evening full,1,Dance-Related
gray sea,1,Short Phrase
grown sad,1,Short Phrase
far thing,1,Dance-Related
sweet far,1,Dance-Related
heard ring,1,Dance-Related
dim tides,1,Short Phrase
mystery tell,1,Short Phrase
gray ships,1,Short Phrase
long gray,1,Short Phrase
sad lips,1,Short Phrase
starry mirth,1,Short Phrase
sought more,1,Dance-Related
smile,1,Single Word
wage,1,Single Word
insatiable,1,Single Word
claimed,1,Single Word
cricket sings,1,Dance-Related
dropping slow,1,Dance-Related
peace there,1,Short Phrase
live alone,1,Dance-Related
honey bee,1,Dance-Related
have there,1,Short Phrase
bean rows,1,Short Phrase
wattles made,1,Short Phrase
build there,1,Short Phrase
cabin build,1,Short Phrase
small cabin build there,1,Long Phrase
small cabin,1,Short Phrase
rest,1,Single Word
bridal,1,Single Word
rest far,1,Short Phrase
stars above,1,Short Phrase
dropping hours,1,Short Phrase
long dew,1,Short Phrase
bridal sleep,1,Short Phrase
same,1,Single Word
defeated,1,Single Word
share,1,Single Word
wait,1,Single Word
loose,1,Single Word
calls,1,Single Word
pale dawn,1,Short Phrase
singing past,1,Dance-Related
woven silence,1,Short Phrase
folk seeing,1,Dance-Related
deeds forget,1,Short Phrase
grassy,1,Single Word
lingered,1,Single Word
kind,1,Single Word
betide,1,Single Word
passes,1,Single Word
wandering feet,1,Dance-Related
grassy road,1,Short Phrase
dim abode,1,Short Phrase
lonely face,1,Dance-Related
passing stars,1,Dance-Related
wintry race,1,Short Phrase
pale waters,1,Short Phrase
give place,1,Short Phrase
passing by,1,Dance-Related
labouring world,1,Short Phrase
children died,1,Dance-Related
funeral gleam,1,Short Phrase
high funeral,1,Dance-Related
new wonder,1,Short Phrase
mournful pride,1,Short Phrase
red lips,1,Short Phrase
beauty passes,1,Short Phrase
field mouse,1,Short Phrase
silver sandalled,1,Dance-Related
go weave,1,Dance-Related
stars tell,1,Short Phrase
quiet shade,1,Dance-Related
come at,1,Short Phrase
swept hearth,1,Dance-Related
never cease,1,Short Phrase
love sing,1,Dance-Related
hears love,1,Dance-Related
refuge holds,1,Dance-Related
never done,1,Dance-Related
battles never,1,Short Phrase
hair gather,1,Dance-Related
dabbled hair,1,Short Phrase
bell buoyed,1,Short Phrase
flap unfurled,1,Short Phrase
tall thought,1,Short Phrase
rosy,1,Single Word
saying,1,Single Word
led,1,Single Word
bow,1,Single Word
brooding,1,Dance-Related
post,1,Single Word
met,1,Single Word
rosy peace,1,Short Phrase
softly make,1,Short Phrase
warfare cease,1,Short Phrase
gentle ways,1,Short Phrase
great town,1,Short Phrase
at last,1,Short Phrase
purple glow,1,Dance-Related
always night,1,Short Phrase
wary,1,Dance-Related
numberless islands,1,Dance-Related
indifferent stars,1,Short Phrase
cypress round,1,Dance-Related
planted cypress,1,Short Phrase
accustomed hand,1,Dance-Related
strange place,1,Short Phrase
haunted,1,Single Word
awaked,1,Single Word
flee,1,Single Word
only white,1,Short Phrase
soon far,1,Short Phrase
sorrow come,1,Short Phrase
surely forget,1,Short Phrase
wandering foam,1,Dance-Related
hear lake,1,Dance-Related
lingers hung,1,Short Phrase
dew dabbled,1,Short Phrase
weariness comes,1,Short Phrase
overhead,1,Dance-Related
sadly,1,Single Word
glowing,1,Dance-Related
bending,1,Single Word
false,1,Single Word
nodding,1,Single Word
mountains overhead,1,Dance-Related
love fled,1,Short Phrase
little sadly,1,Short Phrase
more beautiful,1,Dance-Related
first love,1,Short Phrase
now lies,1,Short Phrase
accustomed,1,Single Word
oaken,1,Single Word
scented,1,Single Word
needs,1,Single Word
embroidered,1,Single Word
gold,1,Dance-Related
go glimmering,1,Dance-Related
feet go,1,Dance-Related
white feet go glimmering,1,Dance-Related
timid grace,1,Short Phrase
old timid,1,Short Phrase
footsteps wary,1,Dance-Related
long hair,1,Short Phrase
oaken press,1,Short Phrase
scented oaken,1,Short Phrase
sad beauty,1,Short Phrase
embroidered dress,1,Short Phrase
gold embroidered,1,Dance-Related
laid side,1,Short Phrase
feet laid,1,Short Phrase
coloured pride,1,Short Phrase
heavy days,1,Dance-Related
beautiful,1,Single Word
carved,1,Single Word
wondering,1,Single Word
nailed,1,Single Word
glowing bars,1,Dance-Related
changing face,1,Short Phrase
pilgrim soul,1,Short Phrase
blowing,1,Single Word
buying,1,Single Word
telling,1,Single Word
gray waters,1,Short Phrase
hazel grove,1,Short Phrase
shadowy hazel,1,Short Phrase
ever blowing,1,Short Phrase
cold wet winds ever blowing,1,Long Phrase
winds ever,1,Short Phrase
wet winds ever blowing,1,Long Phrase
wet winds,1,Short Phrase
cold wet winds ever,1,Long Phrase
cold wet,1,Short Phrase
whimpering,1,Single Word
stooping,1,Single Word
so good,1,Dance-Related
whimpering dead,1,Short Phrase
heur ve,1,Short Phrase
lapping,1,Single Word
innisfree,1,Single Word
deep heart,1,Dance-Related
pavements gray,1,Short Phrase
low sounds,1,Short Phrase
water lapping,1,Short Phrase
lake water,1,Short Phrase
hear lake water lapping,1,Dance-Related
selling,1,Single Word
shadowy,1,Single Word
man loved,1,Dance-Related
hazel,1,Single Word
love false,1,Short Phrase
glad grace,1,Short Phrase
many loved,1,Dance-Related
shadows deep,1,Short Phrase
had once,1,Short Phrase
eyes had,1,Short Phrase
soft look,1,Short Phrase
slowly read,1,Dance-Related
unquiet leaves,1,Short Phrase
loud chaunting,1,Dance-Related
pale moon,1,Short Phrase
sparrows warring,1,Short Phrase
myriad years,1,Dance-Related
labouring ships,1,Short Phrase
mournful lips,1,Short Phrase
red mournful,1,Short Phrase
away earth,1,Short Phrase
hid away,1,Short Phrase
singing leaves,1,Dance-Related
loud song,1,Dance-Related
laden sky,1,Short Phrase
round moon,1,Dance-Related
full round,1,Dance-Related
threaten,1,Single Word
flowing,1,Single Word
true brother,1,Short Phrase
any less,1,Short Phrase
history began,1,Short Phrase
loves await,1,Short Phrase
await,1,Single Word
limped,1,Single Word
lame,1,Single Word
often,1,Single Word
held,1,Single Word
faded,1,Single Word
seem,1,Dance-Related
together,1,Single Word
pendulous,1,Single Word
continual farewell,1,Short Phrase
lies eternity,1,Short Phrase
unrepining hours,1,Short Phrase
other loves,1,Short Phrase
most secret spirit grew,1,Long Phrase
dead leaves,1,Short Phrase
thrust dead,1,Short Phrase
lame limped,1,Short Phrase
rabbit old,1,Short Phrase
faint meteors,1,Short Phrase
yellow leaves,1,Short Phrase
wandering hearts,1,Dance-Related
often worn,1,Short Phrase
hand held,1,Dance-Related
faded leaves,1,Short Phrase
first kiss,1,Short Phrase
stars seem,1,Dance-Related
hate,1,Single Word
continual,1,Single Word
cushioned otter,1,Dance-Related
otter skin,1,Short Phrase
bubbling mire,1,Short Phrase
hands won,1,Dance-Related
rolling vale,1,Short Phrase
brazen battle,1,Short Phrase
loud brazen,1,Dance-Related
breaking men,1,Short Phrase
hollow galleys,1,Short Phrase
beaked hollow,1,Short Phrase
pirates drove,1,Short Phrase
inland valleys,1,Dance-Related
herdsman came,1,Dance-Related
sweet wine,1,Dance-Related
drank sweet,1,Dance-Related
northern cold,1,Short Phrase
drives away,1,Short Phrase
fading head,1,Dance-Related
air increased,1,Short Phrase
wild fowl,1,Short Phrase
fatter day,1,Short Phrase
grew fatter,1,Short Phrase
fields grew fatter day,1,Long Phrase
fields grew,1,Short Phrase
war away,1,Short Phrase
drove tumult,1,Short Phrase
troubling seamen,1,Short Phrase
falls asleep,1,Short Phrase
tired child,1,Short Phrase
poor tired,1,Short Phrase
burning heart,1,Dance-Related
love grows,1,Short Phrase
bows apart,1,Short Phrase
quiet bows,1,Short Phrase
softly lip,1,Short Phrase
murmuring softly,1,Short Phrase
woven hands,1,Dance-Related
wander ever,1,Short Phrase
lonely ship,1,Dance-Related
enamelled sea,1,Short Phrase
own image,1,Dance-Related
parrot sways,1,Dance-Related
smooth lawn,1,Short Phrase
peahens dance,1,Dance-Related
drop tranquillity,1,Short Phrase
boughs drop,1,Short Phrase
great boughs drop tranquillity,1,Long Phrase
great boughs,1,Short Phrase
island dreams,1,Dance-Related
languid,1,Single Word
waveth,1,Single Word
conceive,1,Single Word
pray,1,Single Word
sliding,1,Single Word
tinkling,1,Single Word
hangeth,1,Single Word
indian star,1,Short Phrase
heavy boughs,1,Dance-Related
pendulous lids,1,Short Phrase
burnished dove,1,Short Phrase
never weary,1,Short Phrase
ere,1,Single Word
beset,1,Single Word
drooping brow,1,Short Phrase
passion forget,1,Short Phrase
souls now,1,Short Phrase
sad souls,1,Short Phrase
strawberry leaves,1,Short Phrase
wet wild,1,Short Phrase
barley sheaves,1,Short Phrase
long leaves,1,Short Phrase
feathered,1,Single Word
rove,1,Single Word
moans,1,Single Word
burnished,1,Single Word
gleams,1,Single Word
indian,1,Single Word
lip,1,Single Word
moor,1,Single Word
enamelled,1,Single Word
raging,1,Single Word
sways,1,Dance-Related
drowsy blaze,1,Short Phrase
vapoury footsole,1,Short Phrase
feathered ways,1,Short Phrase
most secret,1,Short Phrase
secret spirit,1,Short Phrase
strong,1,Single Word
fitful,1,Dance-Related
torn,1,Single Word
quenched,1,Single Word
wire,1,Single Word
dying,1,Single Word
shakes,1,Dance-Related
trolled,1,Single Word
voiced,1,Single Word
unhuman,1,Dance-Related
bore,1,Single Word
deserted,1,Single Word
tremendous,1,Single Word
followed,1,Single Word
slumbered,1,Single Word
spirit grew,1,Short Phrase
bold,1,Single Word
wave,1,Single Word
shiver,1,Single Word
gluts,1,Single Word
rolled,1,Single Word
waved,1,Single Word
rushes,1,Single Word
flew,1,Single Word
gleamed,1,Single Word
fluttered,1,Single Word
rushy,1,Dance-Related
aloud,1,Dance-Related
leafy island,1,Dance-Related
flapping herons,1,Short Phrase
herons wake,1,Short Phrase
drowsy water,1,Short Phrase
flapping,1,Single Word
dips,1,Single Word
world more,1,Dance-Related
brown mice,1,Short Phrase
sing peace,1,Dance-Related
warm hillside,1,Short Phrase
young streams,1,Short Phrase
leaning softly,1,Short Phrase
unquiet dreams,1,Dance-Related
slumbering trout,1,Short Phrase
water gushes,1,Short Phrase
wandering water,1,Dance-Related
frothy bubbles,1,Short Phrase
taken flight,1,Short Phrase
mingling glances,1,Short Phrase
mingling hands,1,Dance-Related
olden dances,1,Dance-Related
weaving olden,1,Dance-Related
far off,1,Short Phrase
gray sands,1,Short Phrase
moonlight glosses,1,Short Phrase
stolen cherries,1,Short Phrase
reddest stolen,1,Short Phrase
faery vats,1,Short Phrase
water rats,1,Short Phrase
bubbling,1,Single Word
trampled,1,Single Word
breaking,1,Single Word
tremendous feet,1,Short Phrase
tiptoe up,1,Short Phrase
harvest moon,1,Short Phrase
little town,1,Short Phrase
growing bold,1,Short Phrase
hares run,1,Dance-Related
woodland deer,1,Dance-Related
wolf knows,1,Short Phrase
gray wolf,1,Short Phrase
heavy locks,1,Dance-Related
cormorants shiver,1,Short Phrase
wintry strands,1,Short Phrase
coloured trees,1,Short Phrase
golden bees,1,Dance-Related
summer gluts,1,Short Phrase
waters rolled,1,Short Phrase
rushes waved,1,Short Phrase
flew high,1,Dance-Related
clouds flew,1,Dance-Related
starlight gleamed,1,Short Phrase
birds fluttered,1,Short Phrase
rocky shore,1,Short Phrase
laughed aloud,1,Dance-Related
keen eyes,1,Short Phrase
shone keen,1,Dance-Related
keen stars,1,Short Phrase
fitful tune,1,Dance-Related
old tympan,1,Short Phrase
beaked,1,Single Word
tympan lay,1,Short Phrase
inland,1,Dance-Related
drank,1,Single Word
northern,1,Single Word
drives,1,Single Word
fading,1,Single Word
increased,1,Single Word
fatter,1,Single Word
otter,1,Single Word
wander wood,1,Short Phrase
kind wires,1,Short Phrase
mournful ulalu,1,Short Phrase
falling dew,1,Short Phrase
hand passed,1,Dance-Related
faint odours,1,Short Phrase
sheds faint,1,Short Phrase
dying sun,1,Short Phrase
hides away,1,Short Phrase
dark hair,1,Short Phrase
long dark,1,Short Phrase
wildly trolled,1,Short Phrase
voiced wildly,1,Short Phrase
married voiced wildly trolled,1,Long Phrase
married voiced,1,Short Phrase
unhuman misery,1,Dance-Related
doorway seat,1,Short Phrase
undying,1,Single Word
eldest,1,Single Word
angelic clan,1,Short Phrase
idle word,1,Short Phrase
then nowise worship dusty,1,Long Phrase
then nowise,1,Short Phrase
endless reverie,1,Short Phrase
moment heard,1,Dance-Related
clanging space,1,Short Phrase
flaming word,1,Short Phrase
sudden flaming,1,Short Phrase
wandering earth,1,Dance-Related
old time,1,Short Phrase
entangled story,1,Short Phrase
schoolboy said,1,Short Phrase
stammering schoolboy,1,Short Phrase
-mockers?--by,1,Single Word
dream thou,1,Dance-Related
be-,1,Single Word
cracked tune,1,Dance-Related
dreary dancing,1,Dance-Related
changing things,1,Dance-Related
many changing,1,Dance-Related
sick children,1,Short Phrase
restless head,1,Dance-Related
yet still,1,Short Phrase
painted toy,1,Short Phrase
antique joy,1,Short Phrase
sung,1,Single Word
murmured,1,Single Word
nowise worship,1,Short Phrase
nowise worship dusty deeds,1,Long Phrase
worship dusty,1,Short Phrase
then nowise worship dusty deeds,1,Long Phrase
singing through,1,Dance-Related
glad singing,1,Dance-Related
walking ghostly,1,Short Phrase
shouting days,1,Short Phrase
mirthful songs,1,Dance-Related
sleepy ground,1,Dance-Related
hapless faun,1,Short Phrase
lily wave,1,Short Phrase
pearly brotherhood,1,Short Phrase
singing fade,1,Dance-Related
fretful words,1,Short Phrase
thy fretful,1,Short Phrase
melodious guile,1,Short Phrase
harbouring shell,1,Short Phrase
go gather,1,Dance-Related
human truth,1,Dance-Related
cold star,1,Short Phrase
whirling ways,1,Dance-Related
optic glass,1,Short Phrase
starry men,1,Short Phrase
new dreams,1,Dance-Related
only breeds,1,Short Phrase
toiling only,1,Dance-Related
hunger fiercely,1,Short Phrase
dusty deeds,1,Short Phrase
wind laugh,1,Short Phrase
white arms,1,Short Phrase
place apart,1,Short Phrase
consuming ecstasy,1,Short Phrase
night above,1,Short Phrase
ever journeys,1,Short Phrase
man ever,1,Dance-Related
ancient gaze,1,Short Phrase
surely meet,1,Short Phrase
austere ways,1,Short Phrase
pondering mind,1,Dance-Related
beings go,1,Dance-Related
elemental beings,1,Short Phrase
wisdoms old,1,Short Phrase
dim wisdoms,1,Short Phrase
rhyming tell,1,Short Phrase
rhymes more,1,Dance-Related
ponders well,1,Short Phrase
holy quietude,1,Short Phrase
foot here,1,Short Phrase
light foot,1,Short Phrase
candles flare,1,Short Phrase
starry candles,1,Short Phrase
heart begin,1,Dance-Related
flying feet,1,Short Phrase
light fall,1,Short Phrase
blossoming age,1,Short Phrase
first blossoming,1,Short Phrase
trails all,1,Short Phrase
wizard things,1,Dance-Related
dream at,1,Dance-Related
faeries dance,1,Dance-Related
at all,1,Short Phrase
withered away,1,Short Phrase
coming,1,Single Word
consuming,1,Single Word
lived,1,Single Word
write,1,Single Word
journeys,1,Single Word
austere,1,Single Word
pondering,1,Single Word
huddle,1,Single Word
elemental,1,Single Word
rhyming,1,Single Word
ponders,1,Single Word
counted,1,Single Word
quietude,1,Single Word
flare,1,Single Word
begin,1,Single Word
blossoming,1,Single Word
angelic,1,Single Word
any,1,Single Word
sweeten,1,Dance-Related
accounted,1,Single Word
heart went,1,Dance-Related
coming times,1,Short Phrase
dim coming,1,Short Phrase
white foot,1,Short Phrase
dreamy youth,1,Dance-Related
antique,1,Single Word
humid,1,Single Word
bend,1,Single Word
inarticulate,1,Single Word
depart,1,Single Word
comforting,1,Single Word
send,1,Single Word
echoing,1,Single Word
listening,1,Single Word
naught,1,Single Word
along,1,Single Word
piteous,1,Single Word
alway,1,Single Word
laugh,1,Single Word
comfort,1,Single Word
loudly,1,Dance-Related
painted,1,Single Word
wend,1,Single Word
wildering whirls,1,Dance-Related
inarticulate moan,1,Short Phrase
sad dweller,1,Short Phrase
pearly rim,1,Short Phrase
softly nigh,1,Short Phrase
sang softly,1,Short Phrase
ancient burden,1,Short Phrase
whispering words,1,Short Phrase
own whispering,1,Short Phrase
tale again,1,Short Phrase
own tale,1,Short Phrase
wildering,1,Single Word
forgetting,1,Single Word
make so,1,Short Phrase
wool so,1,Short Phrase
myriad spots,1,Short Phrase
languid tail,1,Short Phrase
monstrous peacock,1,Short Phrase
feathers gay,1,Short Phrase
peacock say,1,Short Phrase
gentle thing,1,Dance-Related
so sad,1,Short Phrase
thing so,1,Dance-Related
gentle roebuck,1,Short Phrase
roebuck raised,1,Short Phrase
little way,1,Short Phrase
petals wide,1,Short Phrase
sliding drop,1,Short Phrase
tinkling tide,1,Short Phrase
lotus talk,1,Short Phrase
dripping wing,1,Short Phrase
eldest speak,1,Short Phrase
other round,1,Dance-Related
grassy slope,1,Short Phrase
rushes round,1,Dance-Related
evening light,1,Short Phrase
humid trees,1,Short Phrase
swift,1,Single Word
footfall light,1,Short Phrase
so white,1,Short Phrase
pearly heart,1,Dance-Related
-echoing,1,Single Word
re-,1,Single Word
through,1,Single Word
buried,1,Single Word
hapless,1,Single Word
lily,1,Single Word
fretful,1,Single Word
thy,1,Single Word
melodious,1,Single Word
twisted,1,Single Word
rent,1,Single Word
cloven,1,Single Word
whirling,1,Dance-Related
optic,1,Single Word
follow,1,Single Word
toiling,1,Dance-Related
fiercely,1,Single Word
worship,1,Single Word
nowise,1,Single Word
endless,1,Single Word
clanging,1,Single Word
entangled,1,Single Word
reading,1,Single Word
idle,1,Single Word
cracked,1,Dance-Related
dreary,1,Dance-Related
restless,1,Single Word
turns,1,Dance-Related
mirthful,1,Dance-Related
dreamy,1,Dance-Related
own words,1,Short Phrase
high comrade,1,Dance-Related
heavy story,1,Dance-Related
once again,1,Short Phrase
sought once,1,Short Phrase
own dropping,1,Short Phrase
always listening,1,Short Phrase
dewdrops glistening,1,Short Phrase
valley stopping,1,Short Phrase
gentle valley,1,Short Phrase
rolling along,1,Short Phrase
cry still,1,Short Phrase
old cry,1,Short Phrase
sea swept,1,Short Phrase
piteous story,1,Short Phrase
most piteous,1,Short Phrase
sing alway,1,Dance-Related
pale thrones,1,Dance-Related
called loudly,1,Dance-Related
surges wend,1,Short Phrase
windy surges,1,Short Phrase
humming sands,1,Short Phrase
slow steps,1,Dance-Related
went walking,1,Short Phrase
sorrow dreaming,1,Dance-Related
comrade sorrow,1,Short Phrase
high comrade sorrow dreaming,1,Dance-Related
dread,1,Single Word
